<?xml version="1.0" encoding="UTF-8"?>

<!-- configuration主要是以下三个属性 -->
<!-- scan 属性设置为true时，配置文件如果发生改变，将会被重新加载，默认值为true -->
<!-- scanPeriod 设置监测配置文件是否有修改的时间间隔，如果没有给出时间单位，默认单位是毫秒。当scan为true时，此属性生效。默认的时间间隔为1分钟 -->
<!-- debug 当此属性设置为true时，将打印出logback内部日志信息，实时查看logback运行状态。默认值为false -->
<configuration>

    <!-- 设置上下文名称 -->
    <!-- 每个logger都关联到logger上下文，默认上下文名称为 default . 但可以使用<contextName>设置成其他名字，用于区分不同应用程序的记录。一旦设置，不能修改 -->
    <contextName>SPRING-BOOT-LOG</contextName>

    <!-- 自定义变量 -->
    <!-- 用来定义变量值的标签，property 有两个属性，name和value 其中name的值是变量的名称，value的值时变量定义的值。 -->
    <!-- 通过 property 定义的值会被插入到logger上下文中。定义变量后，可以使“${}”来使用变量 -->
    <property name="logback.dir" value="/app/log" />
    <property name="logback.app.name" value="spring-boot-log" />


    <!-- appender用来格式化日志输出节点，有俩个属性name和class，class用来指定哪种输出策略，常用就是控制台输出策略和文件输出策略 -->
    <!-- 控制台输出 -->
    <appender name="CONSOLE" class="ch.qos.logback.core.ConsoleAppender">
        <!-- 控制台输出使用layout，文件输出使用encoder -->
        <!-- 控制台应该看到全部日志，所以不用设置filter -->
        <layout class="ch.qos.logback.classic.PatternLayout">
            <pattern>%d{yyyy-MM-dd HH:mm:ss.SSS} %contextName [%thread] %-5level %logger{36} - %msg%n</pattern>
        </layout>
    </appender>


    <!-- info级别日志输出 -->
    <appender name="INFO_FILE" class="ch.qos.logback.core.rolling.RollingFileAppender">
        <!-- 过滤文件中的日志级别 -->
        <filter class="ch.qos.logback.classic.filter.LevelFilter">
            <!-- 日志级别 -->
            <level>INFO</level>
            <!-- 匹配到就允许 -->
            <onMatch>ACCEPT</onMatch>
            <!-- 不匹配就禁止 -->
            <onMismatch>DENY</onMismatch>
        </filter>

        <!-- 定义日志文件名称 -->
        <!-- 如果没有File标签，那么只会使用 FileNamePatter 的文件路径规则 -->
        <!-- 如果同时有 <File> 和 <FileNamePatter> ，那么当天日志命名为 <File> ，今天以前的日志会自动命名为 <FileNamePatter> -->
        <File>${logback.dir}/${logback.app.name}-info.log</File>

        <!-- 日志滚动策略，按时间滚动TimeBasedRollingPolicy  -->
        <rollingPolicy class="ch.qos.logback.core.rolling.TimeBasedRollingPolicy">
            <!-- 历史日志文件输出的文件名，定义日志切分方式，把每天的日志归档到一个文件中 -->
            <FileNamePattern>${logback.dir}/${logback.app.name}-info-%d{yyyy-MM-dd}.log</FileNamePattern>
            <!-- 日志文件保留天数 -->
            <MaxHistory>90</MaxHistory>
            <!-- 日志文件的上限大小 -->
            <totalSizeCap>100MB</totalSizeCap>
        </rollingPolicy>

        <encoder>
            <charset>UTF-8</charset>
            <pattern>%d{yyyy-MM-dd HH:mm:ss.SSS} %contextName [%thread] %-5level %logger{36} - %msg%n</pattern>
        </encoder>
    </appender>


    <!-- warn级别日志输出 -->
    <appender name="WARN_FILE" class="ch.qos.logback.core.rolling.RollingFileAppender">
        <filter class="ch.qos.logback.classic.filter.LevelFilter">
            <level>WARN</level>
            <onMatch>ACCEPT</onMatch>
            <onMismatch>DENY</onMismatch>
        </filter>

        <File>${logback.dir}/${logback.app.name}-warn.log</File>

        <rollingPolicy class="ch.qos.logback.core.rolling.TimeBasedRollingPolicy">
            <FileNamePattern>${logback.dir}/${logback.app.name}-warn-%d{yyyy-MM-dd}.log</FileNamePattern>
            <MaxHistory>90</MaxHistory>
            <totalSizeCap>100MB</totalSizeCap>
        </rollingPolicy>

        <encoder>
            <charset>UTF-8</charset>
            <pattern>%d{yyyy-MM-dd HH:mm:ss.SSS} %contextName [%thread] %-5level %logger{36} - %msg%n</pattern>
        </encoder>
    </appender>


    <!-- error级别日志输出 -->
    <appender name="ERROR_FILE" class="ch.qos.logback.core.rolling.RollingFileAppender">
        <filter class="ch.qos.logback.classic.filter.LevelFilter">
            <level>ERROR</level>
            <onMatch>ACCEPT</onMatch>
            <onMismatch>DENY</onMismatch>
        </filter>

        <File>${logback.dir}/${logback.app.name}-error.log</File>

        <rollingPolicy class="ch.qos.logback.core.rolling.TimeBasedRollingPolicy">
            <FileNamePattern>${logback.dir}/${logback.app.name}-error-%d{yyyy-MM-dd}.log</FileNamePattern>
            <MaxHistory>90</MaxHistory>
            <totalSizeCap>100MB</totalSizeCap>
        </rollingPolicy>

        <encoder>
            <charset>UTF-8</charset>
            <pattern>%d{yyyy-MM-dd HH:mm:ss.SSS} %contextName [%thread] %-5level %logger{36} - %msg%n</pattern>
        </encoder>
    </appender>


    <!-- debug级别日志输出 -->
    <appender name="DEBUG_FILE" class="ch.qos.logback.core.rolling.RollingFileAppender">
        <filter class="ch.qos.logback.classic.filter.LevelFilter">
            <level>DEBUG</level>
            <onMatch>ACCEPT</onMatch>
            <onMismatch>DENY</onMismatch>
        </filter>

        <File>${logback.dir}/${logback.app.name}-debug.log</File>

        <rollingPolicy class="ch.qos.logback.core.rolling.TimeBasedRollingPolicy">
            <FileNamePattern>${logback.dir}/${logback.app.name}-debug-%d{yyyy-MM-dd}.log</FileNamePattern>
            <MaxHistory>90</MaxHistory>
            <totalSizeCap>100MB</totalSizeCap>
        </rollingPolicy>

        <encoder>
            <charset>UTF-8</charset>
            <pattern>%d{yyyy-MM-dd HH:mm:ss.SSS} %contextName [%thread] %-5level %logger{36} - %msg%n</pattern>
        </encoder>
    </appender>

    <!-- 所有级别日志输出 -->
    <appender name="ALL_FILE" class="ch.qos.logback.core.rolling.RollingFileAppender">
        <File>${logback.dir}/${logback.app.name}-all.log</File>

        <rollingPolicy class="ch.qos.logback.core.rolling.TimeBasedRollingPolicy">
            <FileNamePattern>${logback.dir}/${logback.app.name}-all-%d{yyyy-MM-dd}.log</FileNamePattern>
            <MaxHistory>90</MaxHistory>
            <totalSizeCap>1024MB</totalSizeCap>
        </rollingPolicy>

        <encoder>
            <charset>UTF-8</charset>
            <pattern>%d{yyyy-MM-dd HH:mm:ss.SSS} %contextName [%thread] %-5level %logger{36} - %msg%n</pattern>
        </encoder>
    </appender>












    <!-- <loger>用来设置某一个包或者具体的某一个类的日志打印级别、以及指定<appender> -->
    <!-- <loger>仅有一个name属性，一个可选的level和一个可选的addtivity属性 -->
    <!-- name:用来指定受此loger约束的某一个包或者具体的某一个类 -->
    <!-- level:用来设置打印级别，大小写无关：TRACE, DEBUG, INFO, WARN, ERROR, ALL 和 OFF，还有一个特俗值INHERITED或者同义词NULL，代表强制执行上级的级别。如果未设置此属性，那么当前loger将会继承上级的级别 -->
    <!-- addtivity:是否向上级loger传递打印信息。默认是true -->

    <!-- root标签 表示根loger元素，已经被命名为 root，只有一个level属性  -->
    <!-- level:用来设置打印级别，大小写无关：TRACE, DEBUG, INFO, WARN, ERROR, ALL 和 OFF，不能设置为INHERITED或者同义词NULL。默认是DEBUG -->
    <!-- <root>可以包含零个或多个<appender-ref>元素，标识这个appender将会添加到这个loger。 -->
    <root level="DEBUG">
        <appender-ref ref="CONSOLE" />
        <appender-ref ref="INFO_FILE" />
        <appender-ref ref="WARN_FILE" />
        <appender-ref ref="ERROR_FILE" />
        <appender-ref ref="DEBUG_FILE" />
        <appender-ref ref="ALL_FILE" />
    </root>
</configuration>